{
  "lucidmine_modal_v2": {
    "contrast": 0.423038,
    "entropy": 7.190758,
    "dark_channel": 0.179509,
    "glare": 0.014965,
    "sharpness": 848.202093,
    "vis": 0.650532
  }
}