{
  "note": "Data for arc profile chart. All methods on 152-pair proxy test at 448x256. Vis uses CORRECTED formula.",
  "methods_order": [
    "Input",
    "DCP",
    "CLAHE",
    "Retinex",
    "AdaIR",
    "LUCIDMine"
  ],
  "metrics": {
    "Input": {
      "psnr": 19.274467927483784,
      "ssim": 0.7926660180091858,
      "mae": 0.08832119211652562,
      "vis": 0.592
    },
    "DCP": {
      "psnr": 16.60088540747563,
      "ssim": 0.6713776588439941,
      "mae": 0.1311508845047731,
      "vis": 0.6034
    },
    "CLAHE": {
      "psnr": 18.560625810640843,
      "ssim": 0.8472743630409241,
      "mae": 0.10069566541106294,
      "vis": 0.6054
    },
    "Retinex": {
      "psnr": 10.880994270358634,
      "ssim": 0.15054911375045776,
      "mae": 0.22332138014271072,
      "vis": 0.3798
    },
    "AdaIR": {
      "psnr": 20.71193070211875,
      "ssim": 0.7339723706245422,
      "mae": 0.07583466579059236,
      "vis": 0.5846
    },
    "LUCIDMine": {
      "psnr": 23.121605837312526,
      "ssim": 0.9050043225288391,
      "mae": 0.059357152099868186,
      "vis": 0.6443
    }
  }
}