{
  "input": {
    "psnr_mean": 18.76756538840733,
    "psnr_std": 3.585609536125117,
    "ssim_mean": 0.8508812470390759,
    "ssim_std": 0.05395516061318222,
    "mae_mean": 0.10826240109759182,
    "mae_std": 0.04783732856129504,
    "n": 30
  },
  "dcp": {
    "psnr_mean": 16.310127588426095,
    "psnr_std": 1.720293884026598,
    "ssim_mean": 0.7474531228890936,
    "ssim_std": 0.058838091759652815,
    "mae_mean": 0.1346926688969859,
    "mae_std": 0.03041542586806364,
    "n": 30
  },
  "clahe": {
    "psnr_mean": 17.4606003898874,
    "psnr_std": 1.4895054142496853,
    "ssim_mean": 0.7812552236215301,
    "ssim_std": 0.03527844496773158,
    "mae_mean": 0.1140478249676607,
    "mae_std": 0.025239103975691263,
    "n": 30
  },
  "retinex": {
    "psnr_mean": 15.306993785380635,
    "psnr_std": 1.7078496539653945,
    "ssim_mean": 0.8085463772952592,
    "ssim_std": 0.045043571510161105,
    "mae_mean": 0.15398387083783166,
    "mae_std": 0.034564552670830306,
    "n": 30
  },
  "adair": {
    "psnr_mean": 19.130616075911387,
    "psnr_std": 2.03907129966449,
    "ssim_mean": 0.8554082302753728,
    "ssim_std": 0.06245527451518591,
    "mae_mean": 0.1040685545051354,
    "mae_std": 0.026443206189317416,
    "n": 30
  },
  "student": {
    "psnr_mean": 20.096850953179935,
    "psnr_std": 2.0009425678904815,
    "ssim_mean": 0.8650180554652322,
    "ssim_std": 0.0406780419854846,
    "mae_mean": 0.08432142583595939,
    "mae_std": 0.022075759124734994,
    "n": 30
  },
  "lucidmine": {
    "psnr_mean": 18.73524672333095,
    "psnr_std": 2.2360842102104685,
    "ssim_mean": 0.8136219287753653,
    "ssim_std": 0.03005992345235557,
    "mae_mean": 0.09704707088998792,
    "mae_std": 0.030952314150130226,
    "n": 30
  }
}