Method,n,PSNR,SSIM,MAE,Vis
Input,152,18.90841999366874,0.7549052873640234,0.09204459202019284,0.5919973475774081
DCP,152,16.3354549175394,0.6322560264531736,0.13362834317348612,0.6033925597186657
CLAHE,152,18.071492092394667,0.7755432568858384,0.10493043689176722,0.605375993459943
Retinex,152,10.716260115946488,0.23660902636709058,0.22443743949855496,0.3797685873816845
AdaIR,152,20.71193070211875,0.7339723706245422,0.07583547812445383,0.5845533176648628
LUCIDMine,152,23.013584689090127,0.8438421864258615,0.06353273585830864,0.6442760513085188
